File,Size,Checksum,ZIP
"afm_113b.bin","1048576","D211","afm_113"
"afm_1_00.g11","524288","EB10","afm_113"
"afm_1_00.s2","1048576","2300","afm_113"
"afm_1_13.bin","1048576","D211","afm_113"
"afm_s2.l1","1048576","1300","afm_113"
"afm_s3.l1","1048576","CB00","afm_113"
"afm_s4.l1","1048576","7D00","afm_113"
"fafm0_10.rom","1048576","B3DE","afm_113"
"fafm0_20.rom","1048576","6FC3","afm_113"
"fafm0_32.rom","1048576","AEBC","afm_113"
"mars1_1.rom","524288","4E11","afm_113"
"marsu1_1.rom","524288","4E78","afm_113"
"g11-050.rom","524288","1705","mm_10"
"mmu_g11.1_0","524288","B3B7","mm_10"
"mm_109b.bin","1048576","DC10","mm_10"
"mm_1_09.bin","1048576","DC10","mm_10"
"mm_1_09c.bin","1048576","DC10","mm_10"
"mm_g11.1_0","524288","B510","mm_10"
"mm_s2.1_0","524288","2C00","mm_10"
"mm_sav3.rom","1048576","7D00","mm_10"
"mm_sav4.rom","1048576","5700","mm_10"
"mm_sav5.rom","1048576","7500","mm_10"
"mm_sav6.rom","1048576","5600","mm_10"
"s2-020.rom","524288","A000","mm_10"
"afglddx3.rom","524288","E376","tafg_lx3"
"afgldlx3.rom","524288","E003","tafg_lx3"
"ag_u15_s.l1","262144","D124","tafg_lx3"
"ag_u18_s.l1","524288","7488","tafg_lx3"
"cpu-u6h3.rom","524288","2703","tafg_lx3"
"cpu-u6i3.rom","524288","2A76","tafg_lx3"
"u6-da2.rom","524288","9F76","tafg_lx3"
"u6-da3.rom","524288","1376","tafg_lx3"
"u6-la2.rom","524288","9C02","tafg_lx3"
"u6-la3.rom","524288","1003","tafg_lx3"
"addam_d1.rom","262144","F576","taf_l5"
"addam_d2.rom","262144","F076","taf_l5"
"addam_d3.rom","262144","6276","taf_l5"
"addam_d4.rom","262144","7776","taf_l5"
"addam_d7.rom","524288","DB76","taf_l5"
"addam_h4.rom","524288","FB06","taf_l5"
"addam_i4.rom","524288","FE76","taf_l5"
"addam_l1.rom","262144","0201","taf_l5"
"addam_l2.rom","262144","FE02","taf_l5"
"addam_l3.rom","262144","7003","taf_l5"
"addam_l4.rom","262144","8404","taf_l5"
"addam_l5.rom","524288","6205","taf_l5"
"addam_l7.rom","524288","D807","taf_l5"
"addam_p2.rom","262144","F9D2","taf_l5"
"addam_p3.rom","262144","ECD3","taf_l5"
"afsnd_p2.rom","524288","8B88","taf_l5"
"tafu18l1.rom","524288","8288","taf_l5"
"taf_d5.rom","524288","D9FF","taf_l5"
"taf_d6.u6","524288","5A76","taf_l5"
"taf_l6.u6","524288","5706","taf_l5"
